name,phone,email,location,status,created_at
"Rohit Bhat","919430088431","rohit.bhat896@rediffmail.com","Pune","Inactive","2025-06-30"
"Suresh Pillai","918776274858","suresh.pillai549@outlook.com","Mumbai","Inactive","2025-05-26"
"Rahul Yadav","919004389035","rahul.yadav815@gmail.com","Ghaziabad","Inactive","2025-03-17"
"Sanjay Patel","919498510332","sanjay.patel214@hotmail.com","Visakhapatnam","VIP","2025-10-22"
"Sumit Reddy","918960878593","sumit.reddy181@hotmail.com","Pune","Active","2026-02-20"
"Ashok Rana","918315268103","ashok.rana923@outlook.com","Lucknow","Active","2025-08-27"
"Sumit Trivedi","919497040687","sumit.trivedi806@outlook.com","Pimpri-Chinchwad","VIP","2025-04-27"
"Suresh Gupta","918329159427","suresh.gupta180@hotmail.com","Hyderabad","Churned","2026-02-22"
"Harsha Nair","918867179577","harsha.nair372@hotmail.com","Indore","VIP","2026-02-09"
"Akshay Gupta","919801433263","akshay.gupta613@outlook.com","Delhi","VIP","2025-11-27"
"Deepak Pandey","919977297935","deepak.pandey231@hotmail.com","Lucknow","VIP","2026-02-05"
"Sumit Khanna","919878166360","sumit.khanna168@rediffmail.com","Nagpur","Inactive","2025-05-27"
"Priya Patel","919727754776","priya.patel791@outlook.com","Delhi","VIP","2026-01-21"
"Manoj Pillai","919962807229","manoj.pillai983@outlook.com","Patna","Active","2025-10-13"
"Sanjay Rana","918673138569","sanjay.rana438@yahoo.com","Pune","VIP","2025-10-20"
"Vishal Patel","918615345906","vishal.patel967@yahoo.com","Surat","Active","2025-06-28"
"Shreya Kumar","919080836037","shreya.kumar246@gmail.com","Visakhapatnam","VIP","2025-06-26"
"Deepak Pandey","918701501633","deepak.pandey145@yahoo.com","Chennai","VIP","2025-03-17"
"Kiran Patel","918415467637","kiran.patel698@hotmail.com","Visakhapatnam","VIP","2025-03-27"
"Anjali Desai","919621732153","anjali.desai599@yahoo.com","Ludhiana","VIP","2026-01-18"
"Amit Joshi","918536856795","amit.joshi175@outlook.com","Lucknow","Inactive","2025-09-11"
"Sumit Desai","919208905951","sumit.desai398@outlook.com","Chandigarh","Active","2025-07-10"
"Sneha Joshi","918988720108","sneha.joshi422@yahoo.com","Visakhapatnam","VIP","2025-04-21"
"Vivek Mishra","918372297637","vivek.mishra778@rediffmail.com","Nagpur","Inactive","2025-07-25"
"Akshay Sharma","919465561117","akshay.sharma607@yahoo.com","Pune","Active","2025-08-15"
"Vijay Malhotra","918345024559","vijay.malhotra226@hotmail.com","Indore","Active","2025-11-21"
"Suresh Malhotra","918881539158","suresh.malhotra965@outlook.com","Bhopal","VIP","2026-01-01"
"Akshay Kapoor","919310942918","akshay.kapoor422@hotmail.com","Jaipur","Active","2025-05-03"
"Rohit Iyer","919185747265","rohit.iyer720@gmail.com","Lucknow","Active","2025-08-27"
"Anil Kapoor","919359249311","anil.kapoor806@yahoo.com","Delhi","VIP","2025-09-27"
"Sachin Bhatnagar","918015522487","sachin.bhatnagar567@yahoo.com","Visakhapatnam","Inactive","2025-11-27"
"Rohit Trivedi","918243520801","rohit.trivedi357@outlook.com","Hyderabad","Inactive","2025-07-31"
"Sanjay Verma","918971068886","sanjay.verma783@hotmail.com","Ludhiana","Inactive","2025-05-25"
"Shreya Yadav","919009644098","shreya.yadav675@rediffmail.com","Kolkata","Churned","2025-09-14"
"Amit Iyer","918873355407","amit.iyer161@gmail.com","Delhi","Active","2025-09-30"
"Suresh Hegde","918421688803","suresh.hegde983@hotmail.com","Patna","VIP","2025-05-24"
"Anjali Nair","919417358151","anjali.nair308@yahoo.com","Jaipur","VIP","2025-05-26"
"Priya Nair","919098186228","priya.nair111@gmail.com","Chandigarh","Inactive","2025-07-10"
"Rohit Mishra","919472488785","rohit.mishra964@hotmail.com","Indore","VIP","2025-07-24"
"Deepak Bhat","919352575492","deepak.bhat322@hotmail.com","Chennai","Active","2025-10-09"
"Rahul Patel","918018964251","rahul.patel661@rediffmail.com","Lucknow","Active","2025-12-11"
"Kavya Malhotra","918694380943","kavya.malhotra837@gmail.com","Surat","Active","2025-09-02"
"Vishal Mishra","919696244942","vishal.mishra676@hotmail.com","Pune","VIP","2025-09-24"
"Vivek Patel","919877765683","vivek.patel243@rediffmail.com","Ahmedabad","Churned","2025-11-01"
"Pooja Kapoor","919807789408","pooja.kapoor903@outlook.com","Chennai","Active","2025-06-17"
"Anil Kapoor","918227069955","anil.kapoor893@outlook.com","Kolkata","Inactive","2025-06-11"
"Kavya Nair","918456147723","kavya.nair538@outlook.com","Nagpur","Active","2025-05-04"
"Divya Verma","918522092179","divya.verma277@yahoo.com","Visakhapatnam","Inactive","2025-12-05"
"Shantanu Trivedi","919019920289","shantanu.trivedi716@gmail.com","Ludhiana","Inactive","2026-03-14"
"Neha Kapoor","919323584808","neha.kapoor321@hotmail.com","Pimpri-Chinchwad","Active","2025-05-19"
"Sachin Bhatnagar","919612298908","sachin.bhatnagar233@outlook.com","Vadodara","Active","2025-03-31"
"Varun Reddy","919996366841","varun.reddy145@yahoo.com","Vadodara","VIP","2025-05-23"
"Sachin Rao","918205902754","sachin.rao933@rediffmail.com","Surat","Active","2025-07-28"
"Arjun Sharma","918644461967","arjun.sharma207@hotmail.com","Chennai","Churned","2025-04-11"
"Rahul Rana","918275336296","rahul.rana238@yahoo.com","Kochi","VIP","2025-04-04"
"Shreya Trivedi","919593726260","shreya.trivedi665@rediffmail.com","Vadodara","Inactive","2025-07-16"
"Rohit Mishra","918057863029","rohit.mishra218@hotmail.com","Kolkata","Inactive","2025-11-07"
"Amit Gupta","918066206248","amit.gupta980@outlook.com","Bhopal","VIP","2026-02-17"
"Vivek Mishra","918259680859","vivek.mishra939@hotmail.com","Pune","VIP","2026-03-01"
"Rajesh Yadav","918600586412","rajesh.yadav411@rediffmail.com","Ahmedabad","VIP","2025-12-30"
"Rahul Iyer","919842495525","rahul.iyer867@hotmail.com","Ahmedabad","VIP","2025-06-03"
"Harsha Iyer","918443614604","harsha.iyer980@gmail.com","Kolkata","VIP","2026-02-19"
"Varun Yadav","918049941872","varun.yadav705@yahoo.com","Nagpur","VIP","2025-05-15"
"Harsha Singh","919824480309","harsha.singh315@rediffmail.com","Kolkata","Churned","2025-09-08"
"Vijay Trivedi","919624831006","vijay.trivedi888@outlook.com","Mumbai","Active","2025-08-26"
"Ashok Khanna","918485937610","ashok.khanna707@rediffmail.com","Kolkata","Active","2025-07-28"
"Shreya Hegde","919655305196","shreya.hegde540@hotmail.com","Pune","Active","2025-09-14"
"Vijay Yadav","919368876981","vijay.yadav731@outlook.com","Nagpur","Churned","2026-02-01"
"Suresh Khanna","919370946060","suresh.khanna919@rediffmail.com","Chandigarh","Churned","2025-10-03"
"Akshay Bhatnagar","919085512190","akshay.bhatnagar441@outlook.com","Pimpri-Chinchwad","Churned","2025-06-21"
"Ashok Desai","918201991058","ashok.desai334@rediffmail.com","Pimpri-Chinchwad","Inactive","2026-01-03"
"Kiran Joshi","918326299258","kiran.joshi961@outlook.com","Bangalore","Inactive","2026-02-09"
"Kavya Desai","919460517051","kavya.desai887@yahoo.com","Chennai","Inactive","2025-10-10"
"Sachin Rao","918524338940","sachin.rao658@yahoo.com","Indore","VIP","2025-08-26"
"Rohan Hegde","918797939473","rohan.hegde927@rediffmail.com","Visakhapatnam","Inactive","2025-04-20"
"Varun Malhotra","918558049082","varun.malhotra423@hotmail.com","Pune","Churned","2025-07-03"
"Priya Joshi","919616354481","priya.joshi559@rediffmail.com","Surat","Churned","2025-06-25"
"Vivek Mishra","918556812313","vivek.mishra956@gmail.com","Vadodara","Inactive","2025-12-07"
"Kiran Gupta","918774614793","kiran.gupta272@hotmail.com","Pune","Churned","2025-10-21"
"Amit Kapoor","918011656514","amit.kapoor807@hotmail.com","Lucknow","Inactive","2025-11-14"
"Rohit Rao","919518008017","rohit.rao348@gmail.com","Ludhiana","Churned","2025-07-03"
"Deepak Desai","919637209286","deepak.desai422@yahoo.com","Pune","Inactive","2025-09-30"
"Deepak Iyer","919702561229","deepak.iyer316@rediffmail.com","Kochi","Churned","2025-10-08"
"Sneha Singh","919671689967","sneha.singh775@gmail.com","Pune","Churned","2026-01-19"
"Rajesh Kapoor","918030489177","rajesh.kapoor179@gmail.com","Bhopal","Churned","2026-01-12"
"Priya Bhat","919368519593","priya.bhat145@gmail.com","Kolkata","Active","2025-09-23"
"Arjun Singh","919398417622","arjun.singh327@hotmail.com","Delhi","VIP","2025-07-24"
"Priya Trivedi","919052229005","priya.trivedi654@outlook.com","Bhopal","Churned","2025-12-29"
"Manoj Sharma","919995658943","manoj.sharma759@yahoo.com","Surat","Churned","2025-08-19"
"Neha Bhat","919820367616","neha.bhat711@gmail.com","Jaipur","VIP","2025-03-20"
"Rohit Patel","918273872776","rohit.patel751@gmail.com","Jaipur","Inactive","2025-05-10"
"Shreya Bhatnagar","918114046702","shreya.bhatnagar132@outlook.com","Hyderabad","Active","2025-12-14"
"Rohan Trivedi","919542856303","rohan.trivedi709@hotmail.com","Kolkata","Inactive","2025-09-05"
"Suresh Yadav","919173462280","suresh.yadav469@yahoo.com","Bhopal","Churned","2025-10-31"
"Vivek Mishra","919439598304","vivek.mishra625@yahoo.com","Lucknow","VIP","2025-05-20"
"Rohit Desai","919300747739","rohit.desai535@outlook.com","Delhi","VIP","2025-12-11"
"Priya Desai","919877336910","priya.desai658@gmail.com","Bhopal","Churned","2025-06-08"
"Ashok Mishra","919854197713","ashok.mishra894@gmail.com","Bhopal","VIP","2025-06-11"
"Manoj Joshi","919506628438","manoj.joshi865@hotmail.com","Visakhapatnam","VIP","2025-12-15"
"Kiran Mishra","918206101906","kiran.mishra778@yahoo.com","Ghaziabad","Inactive","2026-03-14"
"Varun Nair","918746155958","varun.nair712@yahoo.com","Chandigarh","VIP","2025-07-21"
"Rajesh Pillai","919975562222","rajesh.pillai569@outlook.com","Lucknow","Active","2026-01-09"
"Sanjay Rao","918838690370","sanjay.rao465@gmail.com","Pimpri-Chinchwad","Churned","2025-04-08"
"Harsha Yadav","919976484180","harsha.yadav542@gmail.com","Ghaziabad","Inactive","2025-05-10"
"Shreya Bhat","918734156288","shreya.bhat409@outlook.com","Surat","Churned","2025-11-04"
"Harsha Joshi","919278834255","harsha.joshi388@outlook.com","Kolkata","VIP","2026-02-23"
"Nitin Verma","918909404315","nitin.verma121@outlook.com","Lucknow","VIP","2026-02-03"
"Nitin Gupta","919467264167","nitin.gupta194@yahoo.com","Ludhiana","Churned","2026-02-19"
"Anjali Reddy","918688748647","anjali.reddy382@outlook.com","Ludhiana","Inactive","2025-11-15"
"Kiran Trivedi","918071424098","kiran.trivedi394@gmail.com","Lucknow","VIP","2025-06-10"
"Rohan Yadav","919300745571","rohan.yadav986@gmail.com","Ghaziabad","VIP","2025-05-22"
"Vishal Malhotra","919938951139","vishal.malhotra872@outlook.com","Delhi","Inactive","2025-09-29"
"Kiran Verma","918676397755","kiran.verma468@hotmail.com","Visakhapatnam","Churned","2025-11-28"
"Ravi Desai","919529575833","ravi.desai668@yahoo.com","Patna","Inactive","2025-06-06"
"Pooja Kumar","918278723816","pooja.kumar747@rediffmail.com","Surat","Churned","2025-12-11"
"Rahul Gupta","918741302407","rahul.gupta529@outlook.com","Surat","Active","2026-01-02"
"Manoj Khanna","918075009631","manoj.khanna167@rediffmail.com","Delhi","VIP","2025-08-06"
"Manoj Trivedi","918329933476","manoj.trivedi230@hotmail.com","Kochi","VIP","2026-02-20"
"Suresh Pillai","919333189366","suresh.pillai409@rediffmail.com","Bangalore","Active","2025-12-16"
"Vivek Yadav","919609298598","vivek.yadav640@hotmail.com","Visakhapatnam","Churned","2025-03-20"
"Sachin Sharma","918120407813","sachin.sharma588@yahoo.com","Indore","Churned","2025-07-19"
"Arjun Pillai","919252243255","arjun.pillai631@outlook.com","Indore","Churned","2026-01-23"
"Priya Joshi","919782719902","priya.joshi522@hotmail.com","Pune","Active","2026-02-02"
"Varun Joshi","918177900569","varun.joshi601@gmail.com","Kochi","VIP","2025-07-06"
"Divya Bhatnagar","919411469089","divya.bhatnagar283@hotmail.com","Pune","Inactive","2025-08-13"
"Amit Kumar","919692534406","amit.kumar401@gmail.com","Jaipur","Churned","2025-09-18"
"Kiran Hegde","919859464828","kiran.hegde103@rediffmail.com","Bangalore","Churned","2026-03-04"
"Ashok Verma","918905185923","ashok.verma167@rediffmail.com","Delhi","Churned","2025-07-12"
"Harsha Malhotra","919187635599","harsha.malhotra748@outlook.com","Kolkata","VIP","2025-05-06"
"Anil Reddy","919195742429","anil.reddy595@gmail.com","Delhi","VIP","2025-04-27"
"Ravi Gupta","919431345244","ravi.gupta867@rediffmail.com","Bhopal","Inactive","2026-02-28"
"Vivek Singh","918322256552","vivek.singh518@outlook.com","Kochi","Active","2025-04-04"
"Amit Reddy","918370571964","amit.reddy710@yahoo.com","Kolkata","VIP","2025-11-20"
"Pooja Patel","918435132595","pooja.patel538@yahoo.com","Mumbai","Churned","2025-06-20"
"Vivek Nair","918080419927","vivek.nair440@outlook.com","Hyderabad","Churned","2026-01-19"
"Suresh Mishra","919586306282","suresh.mishra278@gmail.com","Ahmedabad","Churned","2025-09-06"
"Manoj Rana","918961961032","manoj.rana466@gmail.com","Vadodara","Churned","2025-11-15"
"Manoj Kumar","919353376627","manoj.kumar961@rediffmail.com","Bangalore","Churned","2025-09-17"
"Harsha Verma","919602077283","harsha.verma548@yahoo.com","Ludhiana","Active","2025-08-25"
"Divya Nair","919214585008","divya.nair692@gmail.com","Hyderabad","VIP","2025-11-02"
"Rohan Kapoor","918827175799","rohan.kapoor107@outlook.com","Mumbai","Churned","2025-04-22"
"Varun Singh","919367941228","varun.singh192@gmail.com","Ghaziabad","Inactive","2025-04-03"
"Amit Mishra","919219511791","amit.mishra718@outlook.com","Ghaziabad","Inactive","2025-12-24"
"Kiran Bhatnagar","919882519183","kiran.bhatnagar658@yahoo.com","Chandigarh","Active","2025-12-04"
"Akshay Bhatnagar","919220070128","akshay.bhatnagar811@gmail.com","Pune","Inactive","2025-11-11"
"Neha Bhatnagar","918206523580","neha.bhatnagar266@hotmail.com","Mumbai","Churned","2025-03-18"
"Deepak Pandey","918257576100","deepak.pandey939@outlook.com","Mumbai","VIP","2025-11-02"
"Varun Bhat","918579385535","varun.bhat584@yahoo.com","Chennai","Inactive","2026-01-16"
"Rohan Mishra","919323682858","rohan.mishra362@outlook.com","Chennai","VIP","2026-02-28"
"Rajesh Hegde","919483248745","rajesh.hegde366@rediffmail.com","Mumbai","VIP","2025-06-14"
"Sachin Nair","919968429427","sachin.nair277@outlook.com","Ahmedabad","VIP","2025-06-12"
"Divya Pillai","918430073846","divya.pillai382@hotmail.com","Chennai","VIP","2026-02-14"
"Varun Bhat","918439955352","varun.bhat656@yahoo.com","Chennai","Inactive","2026-01-08"
"Anjali Reddy","918275723522","anjali.reddy402@yahoo.com","Surat","Churned","2025-07-29"
"Suresh Kumar","918910252283","suresh.kumar518@yahoo.com","Nagpur","VIP","2025-08-18"
"Priya Bhatnagar","918985228910","priya.bhatnagar717@rediffmail.com","Visakhapatnam","VIP","2026-02-26"
"Anjali Reddy","918144669409","anjali.reddy415@rediffmail.com","Chandigarh","Churned","2025-07-30"
"Neha Hegde","919559909608","neha.hegde710@rediffmail.com","Kolkata","Inactive","2025-08-06"
"Nitin Singh","919090291694","nitin.singh513@rediffmail.com","Bhopal","Churned","2025-10-16"
"Shreya Singh","918999598774","shreya.singh891@outlook.com","Kolkata","VIP","2025-08-31"
"Priya Rao","918995991508","priya.rao111@rediffmail.com","Surat","Churned","2025-10-23"
"Anjali Rao","918603305868","anjali.rao258@hotmail.com","Nagpur","Active","2025-10-22"
"Kiran Trivedi","919789563550","kiran.trivedi515@yahoo.com","Vadodara","Churned","2025-05-16"
"Kiran Pillai","918429995053","kiran.pillai344@outlook.com","Patna","Churned","2025-08-13"
"Rajesh Patel","919110889555","rajesh.patel448@gmail.com","Pune","Active","2025-12-25"
"Divya Joshi","918146404480","divya.joshi661@gmail.com","Chennai","Active","2026-02-16"
"Sumit Reddy","919030388377","sumit.reddy145@gmail.com","Indore","Inactive","2026-02-28"
"Sanjay Reddy","918402165683","sanjay.reddy200@gmail.com","Jaipur","Active","2025-09-02"
"Anjali Khanna","918897007422","anjali.khanna862@outlook.com","Patna","Active","2025-06-28"
"Shreya Mishra","919448937518","shreya.mishra384@yahoo.com","Delhi","Churned","2025-04-06"
"Rahul Iyer","919617493028","rahul.iyer389@outlook.com","Pimpri-Chinchwad","VIP","2026-02-27"
"Deepak Hegde","918537001901","deepak.hegde686@hotmail.com","Hyderabad","VIP","2025-08-06"
"Divya Malhotra","918712763437","divya.malhotra859@yahoo.com","Bhopal","Active","2026-01-18"
"Rahul Khanna","919702541737","rahul.khanna906@yahoo.com","Visakhapatnam","VIP","2025-09-07"
"Kavya Rao","918935677355","kavya.rao499@yahoo.com","Ludhiana","Inactive","2025-10-20"
"Sneha Trivedi","919491759178","sneha.trivedi870@yahoo.com","Chandigarh","VIP","2025-07-05"
"Varun Nair","918949681945","varun.nair678@yahoo.com","Mumbai","Active","2025-09-08"
"Manoj Rana","918226615523","manoj.rana314@hotmail.com","Jaipur","Active","2025-10-11"
"Rajesh Trivedi","919428490735","rajesh.trivedi409@hotmail.com","Ghaziabad","Active","2026-01-03"
"Amit Nair","919181193095","amit.nair197@outlook.com","Mumbai","Active","2025-12-01"
"Amit Singh","919799729785","amit.singh197@gmail.com","Bangalore","Active","2026-03-07"
"Kiran Desai","918118403663","kiran.desai447@outlook.com","Ludhiana","Churned","2026-01-16"
"Vishal Gupta","919180890830","vishal.gupta473@hotmail.com","Indore","Inactive","2026-03-07"
"Harsha Reddy","919459655093","harsha.reddy605@rediffmail.com","Patna","Churned","2026-02-21"
"Priya Kapoor","919212399828","priya.kapoor735@rediffmail.com","Chandigarh","Active","2025-11-05"
"Kiran Sharma","918822517837","kiran.sharma998@rediffmail.com","Nagpur","VIP","2025-12-22"
"Priya Bhatnagar","919907530309","priya.bhatnagar754@hotmail.com","Pune","Churned","2025-04-21"
"Neha Khanna","918146651471","neha.khanna901@gmail.com","Chandigarh","Active","2025-12-09"
"Ravi Khanna","918594043093","ravi.khanna394@yahoo.com","Lucknow","VIP","2025-06-19"
"Amit Pandey","919714238042","amit.pandey432@hotmail.com","Bhopal","Inactive","2025-08-07"
"Varun Bhatnagar","919489662073","varun.bhatnagar870@rediffmail.com","Ahmedabad","Active","2026-03-08"
"Rahul Patel","918534030816","rahul.patel488@yahoo.com","Ahmedabad","Churned","2025-12-26"
"Nitin Kumar","919602792654","nitin.kumar509@yahoo.com","Indore","Active","2025-08-03"
"Suresh Rao","919015408628","suresh.rao543@outlook.com","Pune","VIP","2025-08-02"
"Kavya Rao","919122353957","kavya.rao946@gmail.com","Jaipur","Inactive","2025-07-06"
"Ravi Rao","918525471572","ravi.rao785@outlook.com","Ahmedabad","VIP","2026-02-25"
"Ashok Kapoor","919684239767","ashok.kapoor440@outlook.com","Ghaziabad","VIP","2026-03-01"
"Divya Verma","918336211258","divya.verma298@rediffmail.com","Nagpur","Inactive","2025-04-17"
"Vijay Pillai","919019117080","vijay.pillai178@gmail.com","Kochi","Churned","2025-09-18"
"Deepak Malhotra","918529311717","deepak.malhotra491@hotmail.com","Visakhapatnam","VIP","2026-03-03"
"Vivek Trivedi","919528350093","vivek.trivedi634@hotmail.com","Surat","Active","2025-04-14"
"Priya Rao","918034186448","priya.rao682@rediffmail.com","Ghaziabad","Active","2025-07-31"
"Sneha Pillai","918405506685","sneha.pillai320@rediffmail.com","Bangalore","Active","2025-11-18"
"Sumit Hegde","919333283642","sumit.hegde365@yahoo.com","Indore","Churned","2025-05-27"
"Varun Verma","919343594860","varun.verma905@yahoo.com","Pune","Churned","2026-02-03"
"Vijay Joshi","919034924133","vijay.joshi273@yahoo.com","Indore","Active","2025-08-10"
"Nitin Kumar","919115546914","nitin.kumar808@yahoo.com","Visakhapatnam","Inactive","2025-07-03"
"Ashok Rana","919625339681","ashok.rana969@hotmail.com","Kochi","Active","2025-04-18"
"Suresh Bhatnagar","919892932337","suresh.bhatnagar202@hotmail.com","Ludhiana","VIP","2025-11-28"
"Shreya Kapoor","918959564659","shreya.kapoor326@gmail.com","Lucknow","VIP","2025-04-24"
"Sumit Joshi","919452286405","sumit.joshi487@rediffmail.com","Jaipur","Inactive","2025-08-13"
"Rohan Patel","919350819819","rohan.patel990@yahoo.com","Kolkata","VIP","2025-04-02"
"Anil Reddy","919981393129","anil.reddy471@outlook.com","Indore","Churned","2025-05-16"
"Priya Gupta","919707850202","priya.gupta545@hotmail.com","Ludhiana","Active","2025-03-21"
"Ravi Singh","918939074461","ravi.singh280@rediffmail.com","Pimpri-Chinchwad","VIP","2025-05-09"
"Varun Singh","919469871594","varun.singh328@outlook.com","Indore","Churned","2026-01-12"
"Vishal Verma","918731458184","vishal.verma249@rediffmail.com","Delhi","VIP","2026-03-08"
"Anjali Reddy","919347959226","anjali.reddy122@yahoo.com","Ahmedabad","Active","2025-07-28"
"Rajesh Reddy","918031038824","rajesh.reddy978@yahoo.com","Pimpri-Chinchwad","Inactive","2025-08-01"
"Anjali Singh","919525402021","anjali.singh231@outlook.com","Bhopal","VIP","2025-04-23"
"Divya Hegde","919301178458","divya.hegde899@outlook.com","Nagpur","Inactive","2025-10-26"
"Vivek Trivedi","918589801887","vivek.trivedi267@outlook.com","Indore","VIP","2025-11-10"
"Rohit Joshi","919729454648","rohit.joshi214@rediffmail.com","Nagpur","Active","2025-05-29"
"Anjali Pandey","918951372861","anjali.pandey706@hotmail.com","Chennai","Churned","2025-07-17"
"Vijay Iyer","919735262997","vijay.iyer511@outlook.com","Ahmedabad","Active","2025-07-05"
"Rahul Khanna","918102426596","rahul.khanna566@rediffmail.com","Lucknow","Inactive","2025-11-22"
"Rahul Trivedi","918873556723","rahul.trivedi913@gmail.com","Ludhiana","Churned","2025-05-30"
"Neha Gupta","918231752258","neha.gupta502@hotmail.com","Pimpri-Chinchwad","Inactive","2025-06-17"
"Varun Trivedi","918532337977","varun.trivedi703@yahoo.com","Kolkata","Active","2025-05-05"
"Nitin Kumar","919067168688","nitin.kumar173@gmail.com","Pune","Active","2025-09-12"
"Ashok Rao","918446746780","ashok.rao732@hotmail.com","Pimpri-Chinchwad","VIP","2025-09-08"
"Pooja Desai","919138811949","pooja.desai716@rediffmail.com","Chennai","Churned","2025-09-10"
"Rohan Yadav","919971375471","rohan.yadav809@outlook.com","Chandigarh","Active","2025-04-18"
"Harsha Pandey","919931855572","harsha.pandey176@yahoo.com","Lucknow","VIP","2025-06-06"
"Ravi Mishra","919157898587","ravi.mishra650@gmail.com","Delhi","Churned","2025-08-20"
"Shreya Mishra","919460961434","shreya.mishra487@gmail.com","Visakhapatnam","VIP","2025-05-01"
"Ravi Verma","919139244352","ravi.verma896@yahoo.com","Hyderabad","VIP","2025-09-09"
"Shreya Bhatnagar","918441895658","shreya.bhatnagar740@gmail.com","Pune","Active","2025-04-06"
"Vivek Reddy","918203923136","vivek.reddy100@hotmail.com","Kochi","Churned","2025-08-08"
"Neha Kapoor","919177745628","neha.kapoor922@yahoo.com","Bangalore","VIP","2025-09-15"
"Kavya Desai","919044504077","kavya.desai268@yahoo.com","Ghaziabad","Active","2025-08-10"
"Kiran Rao","919501458449","kiran.rao970@yahoo.com","Delhi","Churned","2026-01-30"
"Shreya Yadav","918321366530","shreya.yadav626@outlook.com","Chandigarh","Inactive","2025-07-16"
"Nitin Gupta","918561091428","nitin.gupta102@yahoo.com","Surat","Active","2025-09-20"
"Anil Iyer","919484553876","anil.iyer992@gmail.com","Hyderabad","Active","2025-08-08"
"Anjali Verma","919482836158","anjali.verma434@rediffmail.com","Jaipur","Churned","2025-10-01"
"Akshay Reddy","919670635454","akshay.reddy518@outlook.com","Kochi","Churned","2025-08-04"
"Priya Pandey","918315973415","priya.pandey890@hotmail.com","Patna","Inactive","2026-01-11"
"Anjali Rana","918222801194","anjali.rana211@rediffmail.com","Vadodara","VIP","2025-10-21"
"Sumit Mishra","919196685526","sumit.mishra152@outlook.com","Bangalore","Churned","2026-01-28"
"Suresh Yadav","918960424990","suresh.yadav255@yahoo.com","Vadodara","Active","2026-02-02"
"Neha Rao","919526340922","neha.rao730@yahoo.com","Jaipur","Inactive","2025-04-07"
"Rohit Sharma","919859330995","rohit.sharma103@yahoo.com","Chandigarh","Active","2026-01-15"
"Amit Bhat","918214019663","amit.bhat418@outlook.com","Kochi","Inactive","2025-07-08"
"Varun Gupta","918227026209","varun.gupta946@hotmail.com","Pune","Inactive","2025-09-09"
"Ashok Gupta","918661273424","ashok.gupta731@gmail.com","Ludhiana","Churned","2026-03-10"
"Rahul Pillai","918974206162","rahul.pillai871@gmail.com","Ludhiana","Churned","2026-01-04"
"Sumit Mishra","919343213279","sumit.mishra723@gmail.com","Bhopal","VIP","2025-10-26"
"Vijay Malhotra","919871856248","vijay.malhotra618@yahoo.com","Bhopal","Inactive","2025-10-24"
"Sanjay Trivedi","919817849732","sanjay.trivedi893@rediffmail.com","Visakhapatnam","Active","2026-01-30"
"Nitin Trivedi","918292415989","nitin.trivedi188@yahoo.com","Surat","Active","2025-07-10"
"Suresh Yadav","919737899964","suresh.yadav493@outlook.com","Chennai","Active","2025-06-18"
"Divya Iyer","918618514066","divya.iyer767@yahoo.com","Visakhapatnam","VIP","2025-03-21"
"Vijay Singh","918482077881","vijay.singh137@outlook.com","Nagpur","VIP","2025-06-19"
"Deepak Bhat","918972508669","deepak.bhat532@yahoo.com","Jaipur","Inactive","2025-12-16"
"Shreya Iyer","919083146239","shreya.iyer178@outlook.com","Delhi","Active","2025-04-12"
"Rajesh Khanna","919996482012","rajesh.khanna803@gmail.com","Chandigarh","Churned","2025-10-10"
"Rahul Malhotra","919560666072","rahul.malhotra477@gmail.com","Ahmedabad","VIP","2026-01-20"
"Shreya Kumar","919878881594","shreya.kumar213@yahoo.com","Ludhiana","Inactive","2025-03-21"
"Ravi Hegde","919873543480","ravi.hegde530@rediffmail.com","Bhopal","VIP","2026-01-23"
"Anil Gupta","919591420507","anil.gupta355@hotmail.com","Kolkata","Churned","2025-04-26"
"Anil Bhatnagar","918134990322","anil.bhatnagar183@rediffmail.com","Surat","Active","2025-12-25"
"Rohit Nair","919348034212","rohit.nair175@gmail.com","Ahmedabad","VIP","2025-09-17"
"Rahul Yadav","919995266083","rahul.yadav394@hotmail.com","Lucknow","Inactive","2025-12-29"
"Kavya Joshi","919101326266","kavya.joshi339@yahoo.com","Hyderabad","Churned","2025-07-15"
"Sanjay Iyer","918886015723","sanjay.iyer160@gmail.com","Ghaziabad","Active","2025-07-15"
"Ashok Kumar","918579186912","ashok.kumar955@gmail.com","Bangalore","Churned","2026-01-15"
"Suresh Nair","918943197184","suresh.nair297@outlook.com","Hyderabad","VIP","2025-06-22"
"Akshay Desai","918489495774","akshay.desai572@outlook.com","Jaipur","Inactive","2025-10-02"
"Pooja Yadav","919254768198","pooja.yadav685@rediffmail.com","Pune","Active","2025-05-04"
"Shantanu Kumar","919181549413","shantanu.kumar876@yahoo.com","Bhopal","Inactive","2025-10-31"
"Amit Yadav","918113105446","amit.yadav684@rediffmail.com","Chandigarh","Inactive","2025-08-19"
"Rohan Mishra","919077576974","rohan.mishra123@rediffmail.com","Chennai","VIP","2025-05-17"
"Vijay Sharma","918404206532","vijay.sharma425@gmail.com","Visakhapatnam","VIP","2025-04-19"
"Sumit Desai","918004742749","sumit.desai711@gmail.com","Pimpri-Chinchwad","VIP","2025-03-22"
"Manoj Kapoor","918647132886","manoj.kapoor988@hotmail.com","Chennai","Active","2025-03-31"
"Divya Khanna","919035379467","divya.khanna810@yahoo.com","Hyderabad","VIP","2025-08-10"
"Kiran Rao","918014498693","kiran.rao319@hotmail.com","Surat","Active","2026-02-02"
"Amit Reddy","919840504823","amit.reddy959@hotmail.com","Lucknow","Active","2025-12-14"
"Arjun Pandey","918738648594","arjun.pandey545@gmail.com","Indore","Inactive","2025-06-09"
"Shreya Singh","919021894662","shreya.singh683@outlook.com","Chandigarh","VIP","2025-06-16"
"Ashok Khanna","919851493776","ashok.khanna702@yahoo.com","Ludhiana","VIP","2025-05-17"
"Anil Trivedi","919601491095","anil.trivedi432@yahoo.com","Bhopal","VIP","2025-06-20"
"Anil Trivedi","918157957875","anil.trivedi386@yahoo.com","Mumbai","Churned","2025-04-04"
"Sumit Bhatnagar","918107087880","sumit.bhatnagar336@gmail.com","Kochi","VIP","2026-02-04"
"Rohit Joshi","918483085260","rohit.joshi369@hotmail.com","Visakhapatnam","Inactive","2025-12-11"
"Arjun Kapoor","918143927998","arjun.kapoor256@outlook.com","Bangalore","VIP","2025-05-13"
"Rahul Singh","918200466388","rahul.singh729@outlook.com","Pimpri-Chinchwad","Inactive","2025-06-01"
"Nitin Patel","919298746790","nitin.patel259@rediffmail.com","Bhopal","Inactive","2025-11-25"
"Anjali Nair","918986191089","anjali.nair690@hotmail.com","Jaipur","Active","2026-03-03"
"Vivek Nair","918764761447","vivek.nair912@hotmail.com","Kochi","Inactive","2025-03-29"
"Rajesh Kumar","919814573754","rajesh.kumar352@outlook.com","Vadodara","VIP","2026-01-31"
"Pooja Patel","918724793918","pooja.patel810@outlook.com","Ahmedabad","Inactive","2025-05-10"
"Ashok Joshi","919782368093","ashok.joshi918@gmail.com","Vadodara","Active","2026-03-02"
"Sneha Pandey","919850194542","sneha.pandey877@outlook.com","Lucknow","Churned","2025-03-17"
"Manoj Reddy","919958808664","manoj.reddy531@yahoo.com","Mumbai","Active","2025-07-08"
"Harsha Gupta","919106599444","harsha.gupta798@rediffmail.com","Visakhapatnam","VIP","2025-11-27"
"Harsha Patel","919573355206","harsha.patel252@hotmail.com","Ludhiana","Churned","2025-12-15"
"Nitin Verma","919618493209","nitin.verma417@yahoo.com","Vadodara","Inactive","2026-02-17"
"Anjali Desai","919034555173","anjali.desai626@rediffmail.com","Pimpri-Chinchwad","Inactive","2025-03-20"
"Sanjay Desai","919287159598","sanjay.desai192@outlook.com","Ludhiana","VIP","2025-11-29"
"Deepak Desai","919461721687","deepak.desai192@outlook.com","Mumbai","Inactive","2025-07-07"
"Anjali Bhat","918969650209","anjali.bhat913@gmail.com","Ahmedabad","Active","2025-12-07"
"Suresh Kumar","918642992479","suresh.kumar271@yahoo.com","Bhopal","Active","2025-06-20"
"Ravi Gupta","919553322645","ravi.gupta236@hotmail.com","Ahmedabad","VIP","2025-07-28"
"Sneha Sharma","918387176078","sneha.sharma946@gmail.com","Chandigarh","VIP","2025-07-26"
"Kiran Joshi","919252862399","kiran.joshi174@outlook.com","Chandigarh","VIP","2026-01-28"
"Arjun Rao","919008196087","arjun.rao991@outlook.com","Mumbai","VIP","2025-04-24"
"Kiran Verma","918037930634","kiran.verma394@gmail.com","Hyderabad","Active","2026-01-10"
"Sneha Malhotra","918049216256","sneha.malhotra370@yahoo.com","Pimpri-Chinchwad","VIP","2025-07-13"
"Sneha Sharma","918081794763","sneha.sharma862@yahoo.com","Bangalore","Churned","2025-07-13"
"Sumit Bhat","918156423157","sumit.bhat776@rediffmail.com","Jaipur","Inactive","2026-01-29"
"Neha Trivedi","919169280529","neha.trivedi701@gmail.com","Surat","Churned","2025-07-15"
"Shreya Patel","919760600703","shreya.patel956@yahoo.com","Indore","VIP","2026-01-03"
"Sachin Verma","918317043282","sachin.verma397@rediffmail.com","Chandigarh","VIP","2026-03-10"
"Anjali Pillai","919421389318","anjali.pillai193@outlook.com","Kochi","Churned","2025-12-18"
"Priya Kumar","918228348741","priya.kumar141@hotmail.com","Kolkata","Active","2025-04-25"
"Sumit Nair","918711980800","sumit.nair954@outlook.com","Pimpri-Chinchwad","Active","2026-02-08"
"Anil Yadav","918327094555","anil.yadav212@yahoo.com","Chennai","Active","2025-12-23"
"Anil Singh","918905487717","anil.singh594@outlook.com","Mumbai","Inactive","2026-02-02"
"Rajesh Malhotra","918964963333","rajesh.malhotra183@outlook.com","Delhi","Active","2025-05-01"
"Sneha Gupta","919667292343","sneha.gupta811@rediffmail.com","Lucknow","Active","2025-10-17"
"Shreya Desai","918149935754","shreya.desai282@hotmail.com","Mumbai","VIP","2025-12-15"
"Vivek Verma","919378947611","vivek.verma432@yahoo.com","Ludhiana","Inactive","2025-03-15"
"Rohan Bhatnagar","918705876801","rohan.bhatnagar885@yahoo.com","Nagpur","Active","2026-03-02"
"Arjun Kapoor","918619540356","arjun.kapoor775@rediffmail.com","Hyderabad","Active","2025-04-26"
"Vivek Kapoor","919729353143","vivek.kapoor836@rediffmail.com","Pune","Active","2025-11-26"
"Sumit Bhat","918802054457","sumit.bhat751@gmail.com","Mumbai","Churned","2025-07-02"
"Arjun Reddy","918919128425","arjun.reddy382@outlook.com","Surat","Churned","2025-09-26"
"Rajesh Trivedi","918804029402","rajesh.trivedi382@outlook.com","Bhopal","VIP","2026-03-05"
"Kavya Mishra","918142189705","kavya.mishra805@hotmail.com","Pune","VIP","2025-06-26"
"Ashok Kapoor","919325729347","ashok.kapoor807@gmail.com","Kochi","VIP","2025-04-03"
"Ashok Joshi","919510578811","ashok.joshi597@rediffmail.com","Vadodara","VIP","2025-04-04"
"Rohit Desai","919528407582","rohit.desai900@gmail.com","Ahmedabad","Inactive","2025-04-26"
"Manoj Hegde","918595009666","manoj.hegde284@yahoo.com","Visakhapatnam","Churned","2025-09-28"
"Kiran Bhat","918876533822","kiran.bhat446@rediffmail.com","Kochi","VIP","2025-06-13"
"Deepak Bhatnagar","918368039188","deepak.bhatnagar291@hotmail.com","Vadodara","Inactive","2025-07-23"
"Rahul Hegde","919797547753","rahul.hegde782@gmail.com","Ghaziabad","Inactive","2025-04-17"
"Rohan Iyer","918335959911","rohan.iyer122@rediffmail.com","Mumbai","Inactive","2026-03-14"
"Rohit Bhat","918061913750","rohit.bhat421@gmail.com","Pimpri-Chinchwad","Churned","2026-03-05"
"Sanjay Khanna","918369556903","sanjay.khanna424@outlook.com","Nagpur","Active","2025-05-03"
"Vijay Khanna","918526835656","vijay.khanna716@hotmail.com","Jaipur","Churned","2025-08-29"
"Ravi Rana","919218145075","ravi.rana416@rediffmail.com","Vadodara","Inactive","2025-03-19"
"Varun Kumar","919406327359","varun.kumar612@hotmail.com","Bangalore","Churned","2025-12-14"
"Anil Iyer","918026254413","anil.iyer184@gmail.com","Indore","Churned","2025-05-08"
"Rohan Hegde","918595841071","rohan.hegde371@rediffmail.com","Indore","Churned","2025-04-20"
"Sachin Kapoor","918022991913","sachin.kapoor835@gmail.com","Chennai","Churned","2025-07-01"
"Ashok Hegde","918895085406","ashok.hegde447@hotmail.com","Bangalore","Churned","2025-05-08"
"Shreya Desai","918994872400","shreya.desai215@hotmail.com","Ludhiana","Inactive","2025-06-05"
"Vivek Desai","919181151208","vivek.desai335@rediffmail.com","Chennai","Active","2025-04-04"
"Ravi Trivedi","919812575737","ravi.trivedi270@outlook.com","Lucknow","Churned","2025-03-23"
"Ashok Bhatnagar","918107931219","ashok.bhatnagar653@rediffmail.com","Nagpur","Churned","2025-07-21"
"Priya Gupta","918325731068","priya.gupta502@rediffmail.com","Indore","VIP","2026-01-10"
"Sneha Pandey","919641134353","sneha.pandey173@outlook.com","Indore","VIP","2025-12-30"
"Sanjay Singh","918945446029","sanjay.singh882@gmail.com","Pune","Active","2025-09-04"
"Harsha Bhat","918279754513","harsha.bhat879@yahoo.com","Vadodara","Inactive","2025-07-02"
"Kavya Hegde","919830463435","kavya.hegde875@yahoo.com","Mumbai","VIP","2025-11-30"
"Arjun Mishra","919869093532","arjun.mishra626@rediffmail.com","Hyderabad","Active","2025-05-01"
"Neha Iyer","919404766691","neha.iyer439@yahoo.com","Pimpri-Chinchwad","VIP","2025-09-30"
"Rajesh Gupta","918191535271","rajesh.gupta492@hotmail.com","Kochi","VIP","2025-07-03"
"Kiran Rana","918305125318","kiran.rana613@yahoo.com","Jaipur","VIP","2025-09-30"
"Vivek Pillai","919393050488","vivek.pillai960@yahoo.com","Kolkata","Churned","2025-04-14"
"Suresh Nair","918098320671","suresh.nair645@rediffmail.com","Ludhiana","Inactive","2026-01-31"
"Nitin Mishra","918039475158","nitin.mishra496@yahoo.com","Pune","VIP","2026-01-23"
"Amit Kapoor","918868091253","amit.kapoor327@outlook.com","Ludhiana","Inactive","2025-11-08"
"Sneha Singh","919690767735","sneha.singh474@yahoo.com","Vadodara","VIP","2026-03-04"
"Sneha Gupta","919191460537","sneha.gupta969@rediffmail.com","Ghaziabad","Active","2025-11-21"
"Anjali Khanna","918437606708","anjali.khanna202@yahoo.com","Vadodara","Churned","2026-01-27"
"Priya Trivedi","918661834610","priya.trivedi772@rediffmail.com","Kochi","Inactive","2025-10-17"
"Shantanu Pillai","918741423313","shantanu.pillai512@yahoo.com","Chennai","Churned","2025-06-17"
"Kavya Trivedi","919770019608","kavya.trivedi477@yahoo.com","Mumbai","Active","2026-01-12"
"Sumit Reddy","918938213559","sumit.reddy498@rediffmail.com","Bangalore","Inactive","2026-02-08"
"Manoj Bhat","919622054570","manoj.bhat307@gmail.com","Vadodara","Inactive","2025-06-09"
"Manoj Desai","919607956942","manoj.desai639@hotmail.com","Indore","Inactive","2026-01-01"
"Sachin Singh","918889384192","sachin.singh508@gmail.com","Delhi","Inactive","2025-09-29"
"Suresh Bhat","918406990791","suresh.bhat877@hotmail.com","Vadodara","Active","2025-04-18"
"Ravi Sharma","919788130868","ravi.sharma138@rediffmail.com","Ghaziabad","Churned","2025-04-24"
"Vishal Joshi","918728598836","vishal.joshi433@gmail.com","Kolkata","Inactive","2025-11-23"
"Kavya Bhat","919353654466","kavya.bhat449@yahoo.com","Indore","Churned","2025-09-13"
"Manoj Patel","919584731436","manoj.patel115@rediffmail.com","Kochi","VIP","2025-08-12"
"Vishal Pandey","919940120663","vishal.pandey439@rediffmail.com","Kolkata","Active","2026-01-28"
"Vishal Khanna","918834823939","vishal.khanna701@outlook.com","Delhi","Active","2025-04-21"
"Anil Verma","919018709240","anil.verma596@rediffmail.com","Surat","Inactive","2025-08-03"
"Manoj Patel","919757711969","manoj.patel499@gmail.com","Jaipur","VIP","2026-01-22"
"Rajesh Kapoor","919180748567","rajesh.kapoor189@yahoo.com","Pimpri-Chinchwad","Inactive","2025-11-30"
"Sumit Desai","918786293019","sumit.desai771@rediffmail.com","Nagpur","Inactive","2025-07-08"
"Priya Desai","918307192681","priya.desai847@gmail.com","Patna","Inactive","2025-10-04"
"Vivek Bhatnagar","919113494766","vivek.bhatnagar199@hotmail.com","Hyderabad","VIP","2025-06-14"
"Anil Iyer","918780393963","anil.iyer236@outlook.com","Visakhapatnam","Inactive","2025-09-21"
"Rahul Mishra","918627010869","rahul.mishra309@outlook.com","Kochi","VIP","2025-09-15"
"Ravi Nair","918911079539","ravi.nair493@gmail.com","Mumbai","Inactive","2025-11-03"
"Sneha Malhotra","918152457951","sneha.malhotra878@outlook.com","Jaipur","Churned","2025-09-23"
"Manoj Gupta","918583924003","manoj.gupta279@outlook.com","Surat","Inactive","2025-04-22"
"Vivek Iyer","918524074751","vivek.iyer667@gmail.com","Surat","Active","2025-06-25"
"Sneha Singh","919151760258","sneha.singh374@rediffmail.com","Mumbai","Churned","2025-10-31"
"Sumit Kumar","918661512748","sumit.kumar240@yahoo.com","Indore","Active","2025-12-14"
"Sachin Bhatnagar","919773374776","sachin.bhatnagar218@yahoo.com","Vadodara","VIP","2025-12-13"
"Deepak Mishra","919763339914","deepak.mishra793@rediffmail.com","Pune","Inactive","2025-04-18"
"Shreya Joshi","918604950666","shreya.joshi362@gmail.com","Delhi","Inactive","2025-10-29"
"Sneha Bhat","919994376764","sneha.bhat282@hotmail.com","Delhi","Churned","2025-03-16"
"Manoj Malhotra","919980647012","manoj.malhotra926@yahoo.com","Indore","Active","2025-07-27"
"Ashok Kumar","919058978371","ashok.kumar977@hotmail.com","Bhopal","Inactive","2025-07-31"
"Rahul Verma","919839872602","rahul.verma327@outlook.com","Chandigarh","Churned","2025-08-27"
"Sneha Singh","919634626367","sneha.singh976@rediffmail.com","Bangalore","VIP","2025-04-07"
"Kavya Rana","918114820633","kavya.rana639@yahoo.com","Kochi","Churned","2026-01-24"
"Rajesh Khanna","918311690004","rajesh.khanna651@hotmail.com","Kochi","VIP","2025-08-16"
"Ravi Rana","918543385529","ravi.rana219@gmail.com","Visakhapatnam","VIP","2025-12-25"
"Kiran Kapoor","918472018102","kiran.kapoor958@outlook.com","Patna","Active","2026-01-27"
"Varun Kapoor","918017972279","varun.kapoor911@gmail.com","Surat","Inactive","2025-10-27"
"Priya Mishra","918663463827","priya.mishra937@gmail.com","Vadodara","VIP","2025-08-29"
"Vijay Joshi","918314886062","vijay.joshi649@outlook.com","Nagpur","Inactive","2025-09-19"
"Vivek Rao","918468838124","vivek.rao106@yahoo.com","Ghaziabad","Inactive","2025-12-15"
"Rahul Joshi","918432696396","rahul.joshi324@outlook.com","Mumbai","Inactive","2026-03-08"
"Manoj Trivedi","918892344254","manoj.trivedi518@rediffmail.com","Kolkata","VIP","2025-05-31"
"Rahul Singh","919339249197","rahul.singh768@gmail.com","Chandigarh","Churned","2026-01-15"
"Nitin Khanna","919376242936","nitin.khanna820@hotmail.com","Surat","Active","2025-11-04"
"Nitin Pandey","918019294921","nitin.pandey125@gmail.com","Delhi","VIP","2025-03-21"
"Shreya Khanna","919079033489","shreya.khanna329@hotmail.com","Bhopal","Active","2025-06-25"
"Vishal Trivedi","919989362163","vishal.trivedi435@gmail.com","Pune","Inactive","2025-11-24"
"Pooja Reddy","919905466300","pooja.reddy142@hotmail.com","Pimpri-Chinchwad","VIP","2026-03-12"
"Sachin Desai","919812835526","sachin.desai257@gmail.com","Ghaziabad","Churned","2025-07-20"
"Sanjay Malhotra","918899925900","sanjay.malhotra609@gmail.com","Kolkata","VIP","2025-08-09"
"Kavya Verma","919693189028","kavya.verma557@outlook.com","Surat","Active","2025-08-02"
"Varun Nair","919300946970","varun.nair359@gmail.com","Bangalore","Inactive","2026-03-09"
"Anjali Desai","918756489759","anjali.desai600@yahoo.com","Kolkata","VIP","2026-01-17"
"Nitin Singh","918701185706","nitin.singh960@yahoo.com","Indore","Inactive","2026-02-15"
"Vijay Gupta","919634819455","vijay.gupta353@gmail.com","Patna","Inactive","2025-10-18"
"Rajesh Khanna","918417983705","rajesh.khanna367@yahoo.com","Vadodara","Inactive","2025-11-17"
"Sachin Yadav","919410609006","sachin.yadav183@hotmail.com","Mumbai","VIP","2025-04-01"
"Amit Sharma","918189754490","amit.sharma281@outlook.com","Nagpur","Active","2025-08-10"
"Sneha Bhatnagar","919007099962","sneha.bhatnagar386@yahoo.com","Indore","VIP","2025-05-21"
"Anil Khanna","919165937546","anil.khanna761@outlook.com","Hyderabad","Active","2026-02-25"
"Kiran Rao","918494117936","kiran.rao919@rediffmail.com","Nagpur","Churned","2025-12-09"
"Neha Bhat","919493978857","neha.bhat804@rediffmail.com","Chandigarh","VIP","2025-09-30"
"Sanjay Bhatnagar","918874411765","sanjay.bhatnagar410@gmail.com","Mumbai","Churned","2026-02-01"
"Vijay Verma","919399475031","vijay.verma952@hotmail.com","Lucknow","Churned","2026-03-07"
"Rohan Nair","918062010570","rohan.nair133@hotmail.com","Kolkata","Inactive","2025-05-08"
"Manoj Gupta","918042534711","manoj.gupta689@rediffmail.com","Surat","Churned","2025-08-24"
"Sanjay Pillai","919906994069","sanjay.pillai581@outlook.com","Mumbai","Active","2026-01-29"
"Rahul Pillai","918381245498","rahul.pillai897@gmail.com","Chennai","Active","2025-08-22"
"Vijay Bhatnagar","918853628573","vijay.bhatnagar774@outlook.com","Ghaziabad","Churned","2025-07-24"
"Anjali Singh","919979991664","anjali.singh240@yahoo.com","Visakhapatnam","Inactive","2025-07-28"
"Kavya Hegde","919428436106","kavya.hegde885@rediffmail.com","Kochi","Churned","2025-08-30"
"Vishal Nair","919585567510","vishal.nair898@outlook.com","Vadodara","Active","2025-05-10"
"Vivek Patel","918969141615","vivek.patel293@gmail.com","Nagpur","Churned","2025-05-18"
"Rohan Verma","918296414448","rohan.verma368@rediffmail.com","Hyderabad","Churned","2026-01-16"
"Ravi Nair","919368187983","ravi.nair866@gmail.com","Chandigarh","Inactive","2025-04-26"
"Anjali Patel","918949385466","anjali.patel468@yahoo.com","Patna","Inactive","2025-11-01"
"Divya Patel","918168403185","divya.patel631@outlook.com","Pune","VIP","2025-09-08"
"Kiran Reddy","919140116067","kiran.reddy312@outlook.com","Vadodara","Inactive","2025-06-15"
"Vishal Rao","919699959046","vishal.rao966@outlook.com","Chennai","VIP","2025-05-11"
"Rohit Desai","918129791918","rohit.desai138@outlook.com","Pimpri-Chinchwad","Inactive","2025-05-05"
"Akshay Yadav","918503058094","akshay.yadav664@outlook.com","Chandigarh","Inactive","2025-11-23"
"Ravi Verma","918793991039","ravi.verma321@hotmail.com","Chennai","Churned","2026-02-17"
"Akshay Patel","918261987994","akshay.patel832@hotmail.com","Hyderabad","Churned","2025-07-15"
"Vijay Sharma","918192273912","vijay.sharma315@yahoo.com","Surat","Active","2025-10-18"
"Kavya Trivedi","918361446515","kavya.trivedi761@yahoo.com","Bangalore","Inactive","2025-06-26"
"Rohan Patel","918421964735","rohan.patel392@outlook.com","Pimpri-Chinchwad","Active","2025-07-14"
"Priya Desai","919423094739","priya.desai559@outlook.com","Pune","Churned","2025-06-09"
"Vijay Pillai","918646098384","vijay.pillai819@outlook.com","Chennai","Active","2025-12-13"
"Suresh Kumar","918741975041","suresh.kumar147@yahoo.com","Chandigarh","VIP","2026-02-11"
"Kiran Kumar","918836637682","kiran.kumar539@outlook.com","Ghaziabad","Active","2025-11-08"
"Rajesh Pillai","918764196662","rajesh.pillai488@rediffmail.com","Bangalore","Churned","2026-01-15"
"Deepak Bhatnagar","919227761874","deepak.bhatnagar247@outlook.com","Ahmedabad","Active","2025-09-12"
"Rajesh Trivedi","918724343659","rajesh.trivedi275@yahoo.com","Ludhiana","Inactive","2025-05-09"
"Shreya Pillai","918616939611","shreya.pillai264@yahoo.com","Pune","Active","2025-12-30"
"Amit Reddy","918438325026","amit.reddy179@rediffmail.com","Indore","Inactive","2025-04-19"
"Rohan Pandey","919993257062","rohan.pandey978@outlook.com","Lucknow","Active","2025-04-07"
"Akshay Patel","918469538045","akshay.patel710@yahoo.com","Nagpur","Inactive","2025-08-07"
"Harsha Trivedi","919389589464","harsha.trivedi437@outlook.com","Mumbai","Inactive","2025-11-28"
"Amit Trivedi","918745100400","amit.trivedi713@hotmail.com","Hyderabad","Inactive","2025-04-20"
"Anjali Gupta","919553500135","anjali.gupta719@gmail.com","Mumbai","Active","2025-12-08"
"Vijay Hegde","919979075730","vijay.hegde290@rediffmail.com","Chennai","Churned","2026-02-08"
"Varun Mishra","918967015996","varun.mishra675@gmail.com","Ghaziabad","VIP","2025-05-12"
"Deepak Yadav","918892736713","deepak.yadav447@gmail.com","Surat","VIP","2025-06-12"
"Nitin Trivedi","919697123636","nitin.trivedi729@rediffmail.com","Jaipur","Active","2025-11-28"
"Amit Malhotra","918230815860","amit.malhotra104@hotmail.com","Visakhapatnam","Inactive","2025-12-04"
"Sneha Bhat","918709151944","sneha.bhat301@hotmail.com","Bhopal","Churned","2025-12-17"
"Pooja Verma","918866028096","pooja.verma740@yahoo.com","Kolkata","VIP","2026-01-25"
"Anil Bhat","919064946312","anil.bhat669@gmail.com","Vadodara","VIP","2025-07-22"
"Sachin Pillai","918107198123","sachin.pillai189@outlook.com","Ludhiana","VIP","2026-03-09"
"Ravi Reddy","919908464471","ravi.reddy652@hotmail.com","Kochi","Active","2025-04-20"
"Shreya Bhatnagar","918517548029","shreya.bhatnagar583@yahoo.com","Nagpur","Active","2025-05-01"
"Deepak Singh","918005273534","deepak.singh377@yahoo.com","Surat","VIP","2026-02-24"
"Shreya Trivedi","919293909079","shreya.trivedi835@outlook.com","Patna","VIP","2026-02-22"
"Sanjay Reddy","919444340626","sanjay.reddy879@outlook.com","Vadodara","Churned","2025-06-16"
"Akshay Malhotra","918313198482","akshay.malhotra224@hotmail.com","Bangalore","Active","2025-12-31"
"Ravi Pillai","918141454922","ravi.pillai249@rediffmail.com","Chandigarh","VIP","2025-05-07"
"Varun Reddy","919915073491","varun.reddy209@rediffmail.com","Indore","Inactive","2025-06-27"
"Kiran Rao","919440092402","kiran.rao347@rediffmail.com","Jaipur","VIP","2025-07-04"
"Vivek Iyer","918812563870","vivek.iyer766@rediffmail.com","Pimpri-Chinchwad","Inactive","2025-07-28"
"Manoj Reddy","918117798802","manoj.reddy889@outlook.com","Kochi","Active","2025-05-23"
"Sanjay Bhat","918077645023","sanjay.bhat446@rediffmail.com","Patna","Churned","2025-11-05"
"Kavya Mishra","919160904491","kavya.mishra713@hotmail.com","Ghaziabad","Inactive","2026-02-14"
"Ravi Verma","919784001184","ravi.verma195@yahoo.com","Mumbai","VIP","2025-04-20"
"Akshay Pillai","918244861847","akshay.pillai176@rediffmail.com","Delhi","Active","2025-05-19"
"Ashok Kumar","919368297125","ashok.kumar943@yahoo.com","Indore","VIP","2025-12-28"
"Manoj Singh","919437047763","manoj.singh121@outlook.com","Pimpri-Chinchwad","VIP","2025-07-14"
"Shantanu Rana","918658788070","shantanu.rana470@gmail.com","Kochi","Active","2026-02-08"
"Deepak Pillai","919032619970","deepak.pillai998@rediffmail.com","Kolkata","Inactive","2025-10-29"
"Ashok Malhotra","918278075574","ashok.malhotra585@outlook.com","Chennai","Active","2025-07-21"
"Suresh Yadav","918115827338","suresh.yadav921@gmail.com","Bhopal","Inactive","2025-08-25"
"Rajesh Nair","919132022605","rajesh.nair887@rediffmail.com","Indore","Inactive","2025-10-08"
"Rajesh Bhatnagar","918537614761","rajesh.bhatnagar348@yahoo.com","Nagpur","Active","2025-10-16"
"Kiran Nair","918751432108","kiran.nair653@outlook.com","Chennai","Churned","2026-01-04"
"Shantanu Rana","919738710878","shantanu.rana260@hotmail.com","Jaipur","VIP","2025-07-04"
"Shreya Reddy","918413790708","shreya.reddy753@hotmail.com","Hyderabad","VIP","2025-07-08"
"Pooja Iyer","918987418242","pooja.iyer124@yahoo.com","Lucknow","Inactive","2025-11-06"
"Priya Iyer","918575116680","priya.iyer318@rediffmail.com","Chandigarh","Churned","2025-11-04"
"Ravi Pandey","918571522589","ravi.pandey374@hotmail.com","Ghaziabad","VIP","2026-01-30"
"Divya Bhat","919789652661","divya.bhat110@hotmail.com","Ahmedabad","Inactive","2025-11-29"
"Kiran Joshi","919915352241","kiran.joshi363@gmail.com","Delhi","VIP","2025-10-15"
"Sneha Joshi","918641617186","sneha.joshi728@rediffmail.com","Bangalore","Inactive","2025-08-15"
"Vijay Singh","918431223683","vijay.singh697@outlook.com","Mumbai","VIP","2025-07-14"
"Neha Malhotra","918642910948","neha.malhotra739@hotmail.com","Pimpri-Chinchwad","Churned","2025-05-28"
"Arjun Pandey","919023699070","arjun.pandey177@rediffmail.com","Lucknow","Churned","2026-01-08"
"Arjun Hegde","919312962778","arjun.hegde484@hotmail.com","Pimpri-Chinchwad","Churned","2025-09-11"
"Pooja Malhotra","919327112462","pooja.malhotra740@hotmail.com","Bhopal","Active","2025-07-04"
"Manoj Patel","919290471808","manoj.patel100@gmail.com","Surat","Inactive","2025-10-09"
"Neha Patel","919102171619","neha.patel211@hotmail.com","Chennai","Inactive","2025-10-15"
"Pooja Patel","919936055832","pooja.patel253@yahoo.com","Jaipur","VIP","2025-04-23"
"Sachin Hegde","919385526619","sachin.hegde645@yahoo.com","Pimpri-Chinchwad","Active","2025-12-09"
"Ashok Mishra","919217461721","ashok.mishra989@hotmail.com","Indore","Active","2025-09-01"
"Vishal Joshi","918049748506","vishal.joshi268@outlook.com","Lucknow","Churned","2025-09-06"
"Priya Kumar","919926056366","priya.kumar778@gmail.com","Patna","Inactive","2025-08-31"
"Sachin Verma","919743713146","sachin.verma806@yahoo.com","Chennai","Inactive","2026-01-11"
"Priya Patel","919849755504","priya.patel954@rediffmail.com","Chennai","Churned","2025-05-13"
"Rahul Desai","919579577744","rahul.desai694@outlook.com","Kolkata","VIP","2025-07-30"
"Kiran Patel","919069357918","kiran.patel226@gmail.com","Nagpur","Inactive","2025-09-14"
"Harsha Bhat","918798824580","harsha.bhat906@rediffmail.com","Indore","Active","2026-01-25"
"Priya Iyer","918303439919","priya.iyer738@yahoo.com","Jaipur","Inactive","2026-03-04"
"Suresh Gupta","918745399427","suresh.gupta259@yahoo.com","Indore","Active","2025-08-07"
"Vivek Pillai","919701037483","vivek.pillai337@hotmail.com","Nagpur","Churned","2025-12-23"
"Pooja Trivedi","919854317530","pooja.trivedi711@gmail.com","Chandigarh","Active","2026-02-01"
"Nitin Iyer","919259733610","nitin.iyer547@rediffmail.com","Ahmedabad","VIP","2025-04-12"
"Sachin Nair","919856771583","sachin.nair243@rediffmail.com","Ludhiana","Inactive","2025-05-03"
"Ashok Yadav","918787771574","ashok.yadav368@gmail.com","Mumbai","Inactive","2025-05-07"
"Sneha Kapoor","918429005333","sneha.kapoor281@outlook.com","Vadodara","VIP","2025-06-12"
"Kiran Rao","918297688910","kiran.rao546@yahoo.com","Kochi","Inactive","2025-04-20"
"Varun Joshi","919793955562","varun.joshi130@yahoo.com","Surat","Inactive","2025-07-06"